Date,Time,RMSSD,Coverage,HF,LF
2024-02-17,01:40:00,66.246,0.919,1158.421,2007.921
2024-02-17,01:45:00,60.786,1.0,1288.872,872.09
2024-02-17,01:50:00,58.86,1.003,1099.52,1039.022
2024-02-17,01:55:00,56.068,0.997,861.93,849.217
2024-02-17,02:00:00,61.132,1.003,1131.082,714.741
2024-02-17,02:05:00,64.119,1.003,1165.953,925.587
2024-02-17,02:10:00,59.205,0.903,896.05,859.07
2024-02-17,02:15:00,50.738,1.004,456.766,1398.143
2024-02-17,02:20:00,40.147,0.961,329.041,950.28
2024-02-17,02:25:00,37.744,0.954,229.79,1412.424
2024-02-17,02:30:00,46.816,1.004,459.264,1624.737
2024-02-17,02:35:00,49.26,1.005,492.365,1475.081
2024-02-17,02:40:00,47.113,0.944,336.159,5071.29
2024-02-17,02:45:00,50.597,0.959,498.572,863.244
2024-02-17,02:50:00,46.431,1.004,388.784,701.834
2024-02-17,02:55:00,43.222,1.004,350.77,1111.82
2024-02-17,03:00:00,48.811,1.005,491.021,962.124
2024-02-17,03:05:00,58.25,0.906,613.742,882.179
2024-02-17,03:10:00,45.8,1.005,375.137,511.142
2024-02-17,03:15:00,50.602,0.975,457.844,590.776
2024-02-17,03:20:00,54.591,0.986,539.436,907.733
2024-02-17,03:25:00,51.505,0.995,574.175,843.307
2024-02-17,03:30:00,53.952,0.968,593.695,2202.635
2024-02-17,03:35:00,49.095,1.002,374.957,1458.878
2024-02-17,03:40:00,44.811,1.0,324.394,612.183
2024-02-17,03:45:00,51.633,0.785,503.176,1088.35
2024-02-17,03:50:00,45.14,0.781,333.586,913.558
2024-02-17,03:55:00,36.67,0.995,128.562,858.798
2024-02-17,04:00:00,42.901,0.994,269.018,1690.142
2024-02-17,04:05:00,39.04,0.986,203.241,1030.286
2024-02-17,04:10:00,74.224,0.862,810.36,2392.5
2024-02-17,04:15:00,77.542,0.986,1160.528,2115.109
2024-02-17,04:20:00,60.799,0.834,526.09,1815.358
2024-02-17,04:25:00,62.927,0.702,435.692,1108.51
2024-02-17,04:35:00,59.555,0.839,544.37,868.546
2024-02-17,04:40:00,65.174,0.845,427.976,2488.532
2024-02-17,04:45:00,70.592,0.778,861.184,1916.215
2024-02-17,04:50:00,64.188,0.899,557.969,4597.766
2024-02-17,04:55:00,82.646,0.88,1242.755,4271.459
2024-02-17,05:00:00,68.054,0.927,671.591,3040.678
2024-02-17,05:05:00,77.246,0.932,970.029,3437.87
2024-02-17,05:10:00,65.034,0.996,752.863,1676.436
2024-02-17,05:15:00,70.323,0.989,689.778,3452.328
2024-02-17,05:20:00,75.454,0.97,969.475,4256.32
2024-02-17,05:25:00,73.41,0.997,572.244,3229.615
2024-02-17,05:30:00,62.381,1.003,439.312,2617.756
2024-02-17,05:35:00,68.964,0.988,664.955,2252.526
2024-02-17,05:40:00,72.929,0.949,702.591,1718.207
2024-02-17,05:45:00,79.739,0.901,1187.859,1583.515
2024-02-17,05:50:00,75.828,0.972,1086.329,2003.891
2024-02-17,05:55:00,73.922,0.967,1085.393,2061.86
2024-02-17,06:00:00,57.268,1.004,752.449,1618.116
2024-02-17,06:05:00,57.15,0.956,562.303,1614.142
2024-02-17,06:10:00,56.025,1.004,873.276,1394.915
2024-02-17,06:15:00,49.792,1.002,554.857,1157.682
2024-02-17,06:20:00,48.76,1.006,567.019,347.273
2024-02-17,06:25:00,47.766,1.001,573.764,703.032
2024-02-17,06:30:00,50.813,1.006,605.288,836.547
2024-02-17,06:35:00,52.14,1.001,668.321,586.494
2024-02-17,06:40:00,56.697,0.939,724.545,913.019
2024-02-17,06:45:00,52.991,0.94,412.784,1425.402
2024-02-17,06:50:00,65.903,0.943,727.455,2513.595
2024-02-17,06:55:00,59.721,0.957,379.256,3128.333
2024-02-17,07:00:00,66.877,0.997,834.233,3020.719
2024-02-17,07:05:00,59.068,0.898,506.593,2837.376
2024-02-17,07:15:00,58.555,0.978,673.798,1675.521
2024-02-17,07:20:00,62.482,0.978,794.746,2431.115
2024-02-17,07:25:00,50.281,0.971,453.836,2099.043
2024-02-17,07:30:00,86.964,0.879,1001.964,2804.545
2024-02-17,07:35:00,77.908,0.95,913.013,3596.658
2024-02-17,07:40:00,44.65,0.997,264.755,1766.236
2024-02-17,07:50:00,84.575,0.812,1003.224,2485.382
2024-02-17,07:55:00,91.04,0.96,1288.231,3332.816
2024-02-17,08:00:00,63.667,0.758,767.447,880.174
2024-02-18,04:40:00,95.022,0.92,1344.743,1742.579
2024-02-18,04:45:00,98.721,0.924,1670.226,1095.187
2024-02-18,04:50:00,99.412,1.003,1804.551,1222.545
2024-02-18,04:55:00,88.328,0.994,1639.002,1009.37
2024-02-18,05:00:00,96.815,1.004,2188.796,2204.0
2024-02-18,05:05:00,92.013,1.004,1939.317,2089.827
2024-02-18,05:10:00,99.626,0.916,1789.043,2883.576
2024-02-18,05:15:00,79.99,1.007,1042.587,2379.508
2024-02-18,05:20:00,52.864,1.003,366.903,3158.979
2024-02-18,05:25:00,103.391,0.994,1301.033,2966.698
2024-02-18,05:30:00,85.373,0.978,1399.359,3125.385
2024-02-18,05:35:00,82.181,1.001,1385.284,1366.549
2024-02-18,05:40:00,56.904,1.006,587.168,1699.975
2024-02-18,05:45:00,93.795,0.903,1475.758,5736.631
2024-02-18,05:50:00,83.843,1.005,1403.289,1589.633
2024-02-18,05:55:00,72.192,1.003,1024.062,945.211
2024-02-18,06:00:00,69.446,1.004,1161.375,1269.873
2024-02-18,06:05:00,66.078,1.005,900.938,1483.228
2024-02-18,06:10:00,64.121,1.004,818.251,1109.727
2024-02-18,06:15:00,65.001,1.002,937.606,789.331
2024-02-18,06:20:00,65.23,1.005,994.257,1410.0
2024-02-18,06:25:00,64.623,0.999,883.875,1432.454
2024-02-18,06:30:00,70.694,0.922,1061.054,3249.401
2024-02-18,06:35:00,41.456,0.894,238.153,2424.762
2024-02-18,06:40:00,67.905,0.967,965.651,2554.574
2024-02-18,06:45:00,74.509,0.74,907.398,5724.138
2024-02-18,06:50:00,66.846,1.005,841.513,3157.362
2024-02-18,06:55:00,48.363,0.99,399.35,2400.79
2024-02-18,07:00:00,66.386,0.952,620.164,4186.534
2024-02-18,07:05:00,52.551,1.0,370.088,1956.93
2024-02-18,07:10:00,52.434,1.005,722.602,3096.511
2024-02-18,07:15:00,55.987,0.986,673.994,4505.408
2024-02-18,07:20:00,39.437,1.005,243.966,1519.472
2024-02-18,07:25:00,75.788,0.938,1045.482,3089.791
2024-02-18,07:30:00,59.919,0.992,698.504,2505.875
2024-02-18,07:35:00,50.998,0.96,391.708,1617.361
2024-02-18,07:40:00,50.279,1.002,503.192,1207.939
2024-02-18,07:45:00,46.923,1.006,418.135,1138.648
2024-02-18,07:50:00,55.133,0.939,480.274,1907.981
2024-02-18,07:55:00,53.407,1.006,559.607,804.92
2024-02-18,08:00:00,56.579,0.994,609.452,1372.592
2024-02-18,08:05:00,72.876,0.913,916.751,6829.603
2024-02-18,08:10:00,73.53,1.005,1133.697,1267.699
2024-02-18,08:15:00,69.771,1.001,1327.232,1645.422
2024-02-18,08:20:00,61.959,0.996,844.383,932.228
2024-02-18,08:25:00,62.403,0.945,728.906,2565.076
2024-02-18,08:30:00,76.643,0.989,1141.439,2248.992
2024-02-18,08:35:00,85.644,0.938,922.351,9781.52
2024-02-18,08:40:00,104.204,0.864,902.916,6029.07
2024-02-18,08:45:00,93.284,0.971,1419.266,4379.423
2024-02-18,08:50:00,81.423,0.998,1197.0,3084.269
2024-02-18,08:55:00,78.201,0.959,1128.14,1619.878
2024-02-18,09:00:00,67.136,1.004,789.023,745.733
2024-02-18,09:05:00,61.052,0.914,858.856,2875.203
2024-02-18,09:10:00,58.816,0.987,699.888,1618.556
2024-02-18,09:15:00,72.959,0.922,1021.175,3772.84
2024-02-18,09:20:00,74.098,0.995,793.608,4752.991
2024-02-18,09:25:00,50.051,1.005,308.668,3378.769
2024-02-18,09:30:00,68.64,0.958,740.234,4482.946
2024-02-18,09:35:00,67.48,0.99,472.886,4699.105
2024-02-18,09:40:00,57.266,0.951,826.229,2779.087
2024-02-18,09:45:00,87.059,0.924,1581.464,2631.664
2024-02-18,09:50:00,81.495,0.953,1502.25,1857.828
2024-02-19,01:40:00,42.969,0.939,397.12,1269.157
2024-02-19,01:45:00,44.479,0.996,455.599,2293.812
2024-02-19,01:50:00,45.987,1.002,451.296,995.077
2024-02-19,01:55:00,42.511,1.005,386.548,1767.361
2024-02-19,02:00:00,40.399,0.947,300.671,808.871
2024-02-19,02:05:00,36.014,1.002,245.3,1184.404
2024-02-19,02:10:00,40.182,1.005,355.137,1250.449
2024-02-19,02:15:00,26.025,0.988,81.537,613.266
2024-02-19,02:20:00,27.998,0.896,113.94,1009.675
2024-02-19,02:25:00,36.11,0.979,226.567,1164.338
2024-02-19,02:30:00,32.598,0.945,199.198,1879.007
2024-02-19,02:35:00,27.42,1.003,153.845,1334.99
2024-02-19,02:40:00,32.475,1.004,168.445,1103.759
2024-02-19,02:45:00,30.059,1.001,227.987,528.105
2024-02-19,02:50:00,30.76,0.999,183.815,517.157
2024-02-19,02:55:00,28.602,1.005,181.04,539.665
2024-02-19,03:00:00,39.882,0.909,324.751,2980.06
2024-02-19,03:05:00,35.981,0.97,253.634,809.291
2024-02-19,03:10:00,37.828,0.985,331.278,388.212
2024-02-19,03:15:00,48.897,0.862,372.221,2539.392
2024-02-19,03:20:00,45.644,0.923,412.813,1485.378
2024-02-19,03:25:00,40.923,0.971,217.017,1539.603
2024-02-19,03:30:00,29.974,1.0,144.386,1058.141
2024-02-19,03:35:00,45.032,0.901,243.481,1371.563
2024-02-19,03:40:00,36.075,1.005,140.402,1246.49
2024-02-19,03:45:00,33.108,0.951,184.408,785.001
2024-02-19,03:50:00,40.845,1.004,354.634,516.57
2024-02-19,03:55:00,49.097,0.941,382.917,4421.606
2024-02-19,04:00:00,41.494,0.941,181.411,2093.442
2024-02-19,04:05:00,37.768,0.989,271.23,1372.33
2024-02-19,04:10:00,33.615,0.929,204.757,1147.724
2024-02-19,04:15:00,46.782,0.979,571.152,1635.567
2024-02-19,04:20:00,39.768,1.005,410.244,496.199
2024-02-19,04:25:00,40.536,1.001,392.205,484.195
2024-02-19,04:30:00,35.966,0.962,295.531,1160.862
2024-02-19,04:35:00,44.438,1.004,454.184,539.468
2024-02-19,04:40:00,46.006,0.935,521.537,778.421
2024-02-19,04:45:00,56.952,0.844,406.246,3319.925
2024-02-19,04:50:00,47.638,0.833,385.274,818.603
2024-02-19,04:55:00,54.131,0.894,425.155,1615.062
2024-02-19,05:00:00,45.612,1.003,339.27,1412.915
2024-02-19,05:05:00,41.085,1.004,322.446,438.889
2024-02-19,05:10:00,40.431,0.959,327.689,662.812
2024-02-19,05:15:00,51.502,1.005,393.09,1528.475
2024-02-19,05:20:00,49.485,0.954,434.895,2374.879
2024-02-19,05:25:00,48.024,0.993,352.264,1517.495
2024-02-19,05:30:00,42.874,1.001,383.919,1025.134
2024-02-19,05:35:00,40.08,0.916,263.676,1049.526
2024-02-19,05:40:00,45.96,0.922,249.643,1015.428
2024-02-19,05:45:00,63.646,1.003,743.732,3631.548
2024-02-19,05:50:00,63.518,0.947,683.779,2432.205
2024-02-19,05:55:00,62.476,0.86,705.024,3331.389
2024-02-19,06:00:00,60.914,0.988,757.259,2850.144
2024-02-19,06:05:00,67.364,0.928,525.871,3842.476
2024-02-19,06:10:00,60.419,1.002,697.983,2042.951
2024-02-19,06:15:00,63.226,1.003,765.341,2632.889
2024-02-19,06:20:00,52.315,1.005,579.468,1078.3
2024-02-19,06:25:00,67.336,0.968,725.233,1648.846
2024-02-19,06:30:00,60.837,0.799,394.696,1319.595
2024-02-19,06:35:00,76.261,0.997,832.797,2500.576
2024-02-19,06:40:00,93.48,0.906,1074.431,3553.909
2024-02-19,06:45:00,76.355,0.984,896.057,1374.806
2024-02-19,06:50:00,68.476,0.987,796.268,1328.789
2024-02-19,06:55:00,69.106,0.956,670.527,3573.075
2024-02-19,07:00:00,61.08,1.005,580.968,1156.47
2024-02-19,07:05:00,56.908,0.802,499.577,1402.4
2024-02-20,00:25:00,91.149,0.992,1405.057,2503.723
2024-02-20,00:30:00,77.544,0.984,1020.447,2241.008
2024-02-20,00:35:00,78.643,1.005,1174.417,2841.329
2024-02-20,00:40:00,72.076,1.005,1004.343,570.995
2024-02-20,00:45:00,79.795,0.853,1020.885,1746.775
2024-02-20,00:50:00,79.438,1.004,1085.559,3349.66
2024-02-20,00:55:00,48.475,1.002,356.855,2280.259
2024-02-20,01:00:00,49.847,0.979,385.326,2161.43
2024-02-20,01:05:00,51.507,0.969,371.445,1949.256
2024-02-20,01:10:00,62.281,0.981,431.987,2685.312
2024-02-20,01:15:00,79.956,0.979,868.534,1687.802
2024-02-20,01:20:00,79.325,1.004,909.545,2324.0
2024-02-20,01:25:00,75.369,1.003,826.569,988.203
2024-02-20,01:30:00,87.017,1.004,1256.032,925.983
2024-02-20,01:35:00,86.647,0.941,1179.41,7893.94
2024-02-20,01:40:00,78.01,1.004,926.349,934.263
2024-02-20,01:45:00,84.629,1.004,1172.488,981.451
2024-02-20,01:50:00,89.908,0.997,1247.808,738.075
2024-02-20,01:55:00,88.878,1.001,1283.792,1351.046
2024-02-20,02:00:00,86.254,0.955,1001.677,1979.166
2024-02-20,02:05:00,72.916,1.001,699.333,810.028
2024-02-20,02:10:00,103.386,0.92,1511.334,8051.991
2024-02-20,02:15:00,71.192,1.005,562.986,4086.958
2024-02-20,02:20:00,86.693,0.788,2311.274,10881.889
2024-02-20,02:25:00,58.031,0.954,3740.079,5501.599
2024-02-20,02:30:00,70.282,0.99,766.824,4628.605
2024-02-20,02:35:00,84.512,1.005,1274.116,5468.745
2024-02-20,02:40:00,109.591,0.916,2055.692,2373.349
2024-02-20,02:45:00,99.784,0.927,1391.809,3117.518
2024-02-20,02:50:00,91.745,1.004,1229.81,2636.528
2024-02-20,02:55:00,104.6,0.976,1750.205,2212.185
2024-02-20,03:00:00,85.663,0.956,776.221,4509.794
2024-02-20,03:05:00,82.158,0.924,850.352,993.159
2024-02-20,03:10:00,81.13,1.007,917.916,655.06
2024-02-20,03:15:00,73.508,1.003,766.03,1131.944
2024-02-20,03:20:00,86.834,1.001,1058.854,927.7
2024-02-20,03:25:00,85.301,1.006,1071.739,1162.327
2024-02-20,03:30:00,91.497,0.926,1073.174,4889.044
2024-02-20,03:35:00,94.986,0.959,1382.311,2833.138
2024-02-20,03:40:00,76.492,0.957,698.075,4135.867
2024-02-20,03:45:00,51.469,0.941,301.602,1566.285
2024-02-20,03:50:00,49.001,1.001,271.604,3519.018
2024-02-20,03:55:00,57.367,0.974,502.688,2413.004
2024-02-20,04:00:00,77.659,1.004,645.164,4185.26
2024-02-20,04:05:00,84.89,0.964,1032.182,6784.064
2024-02-20,04:10:00,119.725,0.944,2333.111,2873.666
2024-02-20,04:15:00,63.58,1.006,502.484,3038.401
2024-02-20,04:20:00,85.697,0.939,1084.084,4073.901
2024-02-20,04:25:00,119.424,0.935,2241.381,3000.144
2024-02-20,04:30:00,119.6,0.891,2440.962,2702.79
2024-02-20,04:35:00,118.36,0.966,1873.387,5209.332
2024-02-20,04:40:00,85.544,1.004,882.095,1427.705
2024-02-20,04:45:00,103.415,0.862,1421.863,5933.81
2024-02-20,04:50:00,98.734,1.001,1313.111,3821.759
2024-02-20,04:55:00,98.19,1.005,1506.304,987.373
2024-02-20,05:00:00,103.258,1.006,1624.349,1191.054
2024-02-20,05:05:00,98.887,0.981,1346.778,3733.304
2024-02-20,05:10:00,101.932,0.929,1283.045,2114.74
2024-02-20,05:15:00,82.878,1.006,829.116,1907.779
2024-02-20,05:20:00,63.019,0.993,374.808,3365.224
2024-02-20,05:25:00,80.241,0.948,768.241,5185.136
2024-02-20,05:30:00,56.309,0.828,239.553,1802.615
2024-02-20,05:35:00,100.682,0.702,1474.12,3937.372
2024-02-20,05:55:00,113.729,1.003,2152.069,2286.002
2024-02-20,06:00:00,115.943,0.975,2480.389,3677.381
2024-02-20,06:05:00,113.721,1.004,2810.443,1046.915
2024-02-20,06:10:00,108.316,1.005,2648.517,999.445
2024-02-20,06:15:00,109.599,0.894,2941.137,1164.615
2024-02-20,06:20:00,106.119,0.977,1823.479,5108.419
2024-02-20,06:25:00,62.923,0.988,336.363,3154.176
2024-02-20,06:30:00,102.582,0.993,2439.633,5372.826
2024-02-20,06:35:00,72.615,0.963,430.494,2903.859
2024-02-20,06:40:00,34.723,1.003,216.442,2172.473
2024-02-20,06:45:00,85.262,0.985,1263.443,2528.825
2024-02-20,06:50:00,98.909,0.915,1571.014,3564.298
2024-02-20,06:55:00,88.702,0.781,993.684,7037.252
2024-02-21,00:30:00,66.973,0.922,624.644,1778.563
2024-02-21,00:35:00,39.453,0.987,182.661,282.938
2024-02-21,00:40:00,67.752,0.927,782.189,436.085
2024-02-21,00:45:00,69.046,1.003,655.439,673.271
2024-02-21,00:50:00,72.657,1.003,819.203,687.456
2024-02-21,00:55:00,80.342,1.005,1092.041,1304.956
2024-02-21,01:00:00,81.265,1.004,1257.328,1040.511
2024-02-21,01:05:00,85.782,0.859,1096.762,5395.873
2024-02-21,01:10:00,86.369,0.985,1750.212,5530.958
2024-02-21,01:15:00,63.895,1.007,611.704,2253.851
2024-02-21,01:20:00,67.985,0.984,750.497,4416.791
2024-02-21,01:25:00,65.896,0.977,654.242,2964.794
2024-02-21,01:30:00,59.032,1.004,600.696,2037.434
2024-02-21,01:35:00,78.517,0.94,851.366,7380.934
2024-02-21,01:40:00,82.524,0.948,1161.828,1039.949
2024-02-21,01:45:00,89.539,0.965,1325.895,2161.582
2024-02-21,01:50:00,74.042,1.005,974.091,826.635
2024-02-21,01:55:00,73.646,1.003,956.66,715.893
2024-02-21,02:00:00,74.539,0.995,1126.965,769.422
2024-02-21,02:05:00,72.716,1.004,879.601,1290.664
2024-02-21,02:10:00,76.227,1.005,1106.285,2141.307
2024-02-21,02:15:00,85.996,0.935,1480.682,2119.572
2024-02-21,02:20:00,64.235,0.819,667.929,1962.553
2024-02-21,02:25:00,62.88,0.964,758.359,895.48
2024-02-21,02:30:00,60.732,0.959,419.14,4004.881
2024-02-21,02:35:00,72.466,0.992,785.543,5866.147
2024-02-21,02:40:00,65.734,0.909,619.391,4935.123
2024-02-21,02:45:00,63.819,0.959,729.778,4953.641
2024-02-21,02:50:00,51.701,0.893,327.078,1823.005
2024-02-21,02:55:00,66.797,0.943,428.963,5161.636
2024-02-21,03:00:00,54.624,1.005,540.267,1390.33
2024-02-21,03:05:00,56.159,0.921,474.186,634.863
2024-02-21,03:10:00,54.159,0.983,422.548,877.692
2024-02-21,03:15:00,56.684,1.005,451.334,1041.689
2024-02-21,03:20:00,58.848,1.004,530.081,1263.26
2024-02-21,03:25:00,59.357,1.001,558.241,1065.661
2024-02-21,03:30:00,55.848,1.003,499.982,719.452
2024-02-21,03:35:00,68.278,1.005,680.148,1281.967
2024-02-21,03:40:00,64.043,1.004,645.412,850.528
2024-02-21,03:45:00,70.212,1.004,724.484,1461.707
2024-02-21,03:50:00,77.579,0.901,971.265,3291.144
2024-02-21,03:55:00,62.432,0.97,582.304,1520.093
2024-02-21,04:00:00,38.502,0.985,148.758,948.519
2024-02-21,04:05:00,76.339,0.953,848.98,1919.523
2024-02-21,04:10:00,89.542,0.96,847.201,3509.441
2024-02-21,04:15:00,87.759,0.946,921.898,4778.703
2024-02-21,04:20:00,96.116,1.001,1158.672,5992.986
2024-02-21,04:25:00,94.021,0.963,1314.565,2631.881
2024-02-21,04:30:00,69.507,1.002,1556.892,7291.26
2024-02-21,04:35:00,77.029,0.876,565.091,1417.573
2024-02-21,04:40:00,73.518,1.006,634.975,2709.967
2024-02-21,04:45:00,71.072,0.938,764.534,852.459
2024-02-21,04:50:00,74.515,0.971,896.74,2019.281
2024-02-21,04:55:00,63.729,1.006,636.586,676.185
2024-02-21,05:00:00,84.764,0.904,996.126,2739.464
2024-02-21,05:05:00,65.595,1.002,347.419,2908.877
2024-02-21,05:10:00,72.611,0.906,648.421,2907.001
2024-02-21,05:15:00,64.031,0.975,400.86,5555.382
2024-02-21,05:20:00,67.396,0.911,552.316,3217.513
2024-02-21,05:25:00,64.395,0.892,375.115,1430.645
2024-02-21,05:30:00,46.53,0.973,211.971,1272.001
2024-02-21,05:35:00,67.212,0.923,662.64,1684.134
2024-02-21,05:40:00,90.199,1.004,1235.513,2308.909
2024-02-21,05:45:00,79.837,1.004,878.129,3880.433
2024-02-21,05:50:00,61.227,0.964,502.583,2087.859
2024-02-21,05:55:00,48.939,0.869,293.222,1092.577
2024-02-21,06:00:00,75.423,0.979,595.38,3847.116
2024-02-21,06:05:00,79.794,1.006,932.5,899.618
2024-02-21,06:10:00,77.296,1.002,1005.257,1296.558
2024-02-21,06:15:00,70.107,1.006,849.347,943.043
2024-02-21,06:20:00,107.205,0.867,1644.82,5951.405
2024-02-21,06:25:00,97.542,0.967,1416.607,4547.534
2024-02-21,06:30:00,83.25,1.005,856.71,2966.125
2024-02-21,06:35:00,85.262,0.927,1109.41,2981.068
2024-02-21,06:40:00,94.805,0.992,1447.943,5023.41
2024-02-21,06:45:00,49.558,0.828,431.236,2746.416
2024-02-21,06:50:00,53.976,0.916,437.347,1310.685
2024-02-21,07:00:00,82.276,0.712,945.011,2551.623
2024-02-22,01:05:00,79.484,0.834,777.936,2442.441
2024-02-22,01:10:00,72.641,0.876,764.192,2319.483
2024-02-22,01:15:00,55.983,0.917,467.48,1373.134
2024-02-22,01:20:00,62.686,1.003,692.985,1691.59
2024-02-22,01:25:00,60.545,0.994,633.112,840.346
2024-02-22,01:30:00,61.522,0.996,641.337,1327.064
2024-02-22,01:35:00,89.694,0.926,1358.442,1733.714
2024-02-22,01:40:00,72.674,0.999,778.02,1345.751
2024-02-22,01:45:00,80.85,0.972,1002.563,2713.081
2024-02-22,01:50:00,74.288,1.007,883.546,1349.319
2024-02-22,01:55:00,74.189,1.003,901.203,1079.103
2024-02-22,02:00:00,73.376,1.001,936.14,2087.11
2024-02-22,02:05:00,78.114,0.997,920.696,963.709
2024-02-22,02:10:00,82.581,1.003,1051.855,1198.783
2024-02-22,02:15:00,97.206,0.807,1146.897,3082.155
2024-02-22,02:20:00,66.567,0.966,382.559,2806.501
2024-02-22,02:25:00,44.717,0.972,339.06,4416.37
2024-02-22,02:30:00,65.485,0.998,543.378,2250.757
2024-02-22,02:35:00,66.996,0.955,517.934,1982.558
2024-02-22,02:40:00,95.454,0.97,1307.609,1813.2
2024-02-22,02:45:00,98.265,0.931,1435.704,5738.529
2024-02-22,02:50:00,82.363,1.002,1101.607,2059.61
2024-02-22,02:55:00,72.606,0.982,816.457,1252.112
2024-02-22,03:00:00,78.568,0.96,1053.15,881.917
2024-02-22,03:05:00,86.724,0.962,1050.17,2440.191
2024-02-22,03:10:00,71.045,0.96,1035.683,3490.509
2024-02-22,03:15:00,85.209,0.869,892.394,4448.831
2024-02-22,03:20:00,74.257,1.006,776.388,1191.759
2024-02-22,03:25:00,70.639,0.951,725.965,1117.902
2024-02-22,03:30:00,83.476,0.931,906.898,1904.21
2024-02-22,03:35:00,77.87,0.896,505.364,4164.757
2024-02-22,03:40:00,69.489,0.989,727.869,3230.812
2024-02-22,03:45:00,81.79,0.926,620.28,2045.709
2024-02-22,03:50:00,58.08,1.006,422.607,3079.455
2024-02-22,03:55:00,59.68,1.004,321.6,3389.727
2024-02-22,04:00:00,72.864,0.971,672.497,2869.109
2024-02-22,04:05:00,86.951,0.922,1102.226,3710.673
2024-02-22,04:10:00,57.846,0.982,280.546,5145.144
2024-02-22,04:15:00,49.309,1.004,153.201,1517.232
2024-02-22,04:20:00,65.494,0.927,628.739,1137.789
2024-02-22,04:25:00,65.097,0.914,630.303,1477.81
2024-02-22,04:30:00,63.083,0.971,600.822,777.035
2024-02-22,04:35:00,71.257,1.005,681.913,1368.679
2024-02-22,04:40:00,102.501,0.843,1675.084,2430.878
2024-02-22,04:45:00,95.337,0.73,1089.933,2447.238
2024-02-22,04:50:00,96.043,0.971,1503.133,1666.697
2024-02-22,04:55:00,87.206,1.006,1515.605,1627.483
2024-02-22,05:00:00,93.423,0.973,1373.283,2511.626
2024-02-22,05:05:00,91.945,0.951,1245.424,1508.244
2024-02-22,05:10:00,88.373,0.95,1265.576,1712.809
2024-02-22,05:15:00,94.72,1.003,1178.596,1321.625
2024-02-22,05:20:00,94.779,0.979,1178.983,5219.574
2024-02-22,05:25:00,99.155,0.929,1420.813,4246.021
2024-02-22,05:30:00,90.498,0.934,922.653,3477.317
2024-02-22,05:35:00,105.044,0.861,964.684,3703.871
2024-02-22,05:40:00,75.027,0.981,769.792,4827.254
2024-02-22,05:45:00,91.442,0.963,985.649,5387.955
2024-02-22,05:50:00,93.653,1.005,1359.142,2198.346
2024-02-22,05:55:00,89.008,0.936,892.901,2801.649
2024-02-22,06:00:00,88.557,0.932,1020.303,4548.297
2024-02-22,06:05:00,91.336,0.96,1317.787,5748.8
2024-02-22,06:10:00,89.257,1.004,1444.446,2092.769
2024-02-22,06:15:00,83.219,0.91,1124.05,1979.208
2024-02-22,06:20:00,83.237,0.853,1366.213,3011.086
2024-02-22,06:30:00,71.318,0.98,1042.081,1260.54
2024-02-22,06:35:00,63.348,1.004,827.201,1333.185
2024-02-22,06:40:00,60.86,1.005,763.174,887.493
2024-02-22,06:45:00,96.657,0.832,1550.998,4159.866
2024-02-22,06:50:00,79.934,1.005,603.245,4440.849
2024-02-22,06:55:00,62.791,0.976,562.237,4301.672
2024-02-22,07:00:00,58.05,0.989,310.713,2768.278
2024-02-22,07:05:00,61.704,0.959,494.896,2565.289
2024-02-23,00:45:00,23.715,1.007,67.051,250.222
2024-02-23,00:50:00,19.386,0.857,45.639,272.599
2024-02-23,00:55:00,59.005,0.766,370.448,911.561
2024-02-23,01:00:00,39.035,0.871,162.333,298.814
2024-02-23,01:05:00,35.272,0.997,189.593,703.369
2024-02-23,01:10:00,63.142,0.981,619.076,897.872
2024-02-23,01:15:00,64.31,0.995,665.51,722.806
2024-02-23,01:20:00,60.936,0.928,604.081,1031.235
2024-02-23,01:25:00,46.335,1.003,356.137,1159.426
2024-02-23,01:30:00,45.704,1.002,368.804,927.649
2024-02-23,01:35:00,67.584,0.959,889.357,2108.21
2024-02-23,01:40:00,60.012,0.998,607.001,1039.668
2024-02-23,02:20:00,53.191,0.976,629.302,1872.2
2024-02-23,02:25:00,44.734,0.98,384.021,986.601
2024-02-23,02:30:00,40.863,1.004,337.22,1240.278
2024-02-23,02:35:00,40.078,1.003,294.554,1328.044
2024-02-23,02:40:00,40.223,1.005,296.436,1454.504
2024-02-23,02:45:00,47.304,1.003,412.324,1587.523
2024-02-23,02:50:00,48.437,1.004,395.495,1243.093
2024-02-23,02:55:00,65.474,0.848,793.91,2722.831
2024-02-23,03:00:00,51.559,0.999,503.061,1924.691
2024-02-23,03:05:00,49.18,0.955,436.48,2334.916
2024-02-23,03:10:00,52.661,0.898,383.604,2261.253
2024-02-23,03:15:00,47.367,0.889,367.287,1801.283
2024-02-23,03:20:00,75.76,0.969,787.729,1449.868
2024-02-23,03:25:00,60.236,1.006,613.262,1851.739
2024-02-23,03:30:00,57.075,0.988,460.596,1466.665
2024-02-23,03:35:00,62.295,0.943,530.244,2861.743
2024-02-23,03:40:00,59.663,0.917,445.368,4352.205
2024-02-23,03:45:00,58.206,0.993,504.463,2204.199
2024-02-23,03:50:00,73.217,0.909,706.097,2028.821
2024-02-23,03:55:00,48.584,0.987,366.289,1628.977
2024-02-23,04:10:00,70.519,1.003,668.965,1448.051
2024-02-23,04:15:00,63.569,0.985,504.461,2630.29
2024-02-23,04:20:00,76.91,1.006,932.651,6048.543
2024-02-23,04:25:00,78.224,0.813,391.32,5091.027
2024-02-23,04:30:00,65.907,0.897,698.874,1398.818
2024-02-23,04:35:00,67.607,0.82,479.463,2826.5
2024-02-23,04:40:00,58.026,0.949,508.009,4194.686
2024-02-23,04:45:00,63.706,1.002,520.459,1157.44
2024-02-23,04:50:00,60.257,0.992,451.659,1981.797
2024-02-23,04:55:00,65.036,1.004,611.23,2295.374
2024-02-23,05:00:00,58.565,0.994,450.153,1658.813
2024-02-23,05:05:00,63.082,0.93,492.762,4551.975
2024-02-23,05:10:00,46.554,0.957,219.096,1354.992
2024-02-23,05:15:00,52.063,0.971,301.917,2845.731
2024-02-23,05:20:00,40.736,0.991,164.326,1894.731
2024-02-23,05:25:00,47.523,0.958,464.497,2977.726
2024-02-23,05:30:00,59.894,0.898,583.471,2924.477
2024-02-23,05:35:00,46.638,0.97,351.232,1339.325
2024-02-23,05:40:00,38.675,1.007,140.63,1408.009
2024-02-23,05:45:00,48.735,0.99,231.403,3323.814
2024-02-23,05:50:00,52.011,1.004,340.197,2104.793
2024-02-23,05:55:00,61.896,0.959,564.361,2234.114
2024-02-23,06:00:00,53.031,0.991,395.648,2463.706
2024-02-23,06:05:00,42.047,0.96,256.523,950.63
2024-02-23,06:10:00,77.072,0.909,584.232,2606.609
2024-02-23,06:15:00,72.371,0.951,685.717,2063.61
2024-02-23,06:20:00,59.53,0.968,494.324,2011.137
2024-02-23,06:55:00,75.59,0.97,564.088,2749.675
2024-02-23,07:00:00,61.697,1.003,666.467,1532.464
2024-02-23,07:05:00,61.165,0.954,526.109,2274.143
2024-02-24,03:35:00,40.372,0.943,268.675,1122.834
2024-02-24,03:40:00,36.637,0.971,184.754,1477.402
2024-02-24,03:45:00,36.837,0.931,211.809,1158.886
2024-02-24,03:50:00,33.42,1.002,171.639,898.867
2024-02-24,03:55:00,33.266,1.004,179.295,1076.93
2024-02-24,04:00:00,51.829,0.898,336.495,1715.308
2024-02-24,04:05:00,44.923,0.996,304.335,1459.231
2024-02-24,04:10:00,35.742,1.004,168.451,1143.763
2024-02-24,04:15:00,40.817,0.971,280.273,1189.286
2024-02-24,04:20:00,38.492,1.004,234.679,1344.763
2024-02-24,04:25:00,48.179,0.972,363.586,1581.384
2024-02-24,04:30:00,46.712,0.956,359.879,2434.729
2024-02-24,04:35:00,33.812,1.004,130.257,1444.511
2024-02-24,04:40:00,30.473,0.992,116.087,1588.512
2024-02-24,04:45:00,46.386,0.97,325.035,1308.996
2024-02-24,04:50:00,39.873,0.976,229.672,1790.611
2024-02-24,04:55:00,46.146,1.004,333.098,2182.234
2024-02-24,05:00:00,44.455,1.003,356.471,1114.454
2024-02-24,05:05:00,46.4,1.004,274.148,2718.825
2024-02-24,05:10:00,58.472,0.789,395.88,3109.691
2024-02-24,05:15:00,42.256,1.003,272.797,1430.989
2024-02-24,05:20:00,40.675,1.003,258.685,1068.889
2024-02-24,05:25:00,42.793,1.002,251.308,1142.947
2024-02-24,05:30:00,47.787,1.006,340.414,1117.559
2024-02-24,05:35:00,46.444,0.923,273.027,1409.982
2024-02-24,05:40:00,64.126,0.875,505.506,3138.562
2024-02-24,05:45:00,44.133,0.893,237.279,2412.095
2024-02-24,05:50:00,50.644,0.924,269.919,3800.45
2024-02-24,05:55:00,45.488,0.959,238.724,1636.619
2024-02-24,06:00:00,49.846,0.933,370.277,2088.445
2024-02-24,06:05:00,48.567,0.937,251.715,4233.806
2024-02-24,06:10:00,49.084,0.988,339.525,3650.975
2024-02-24,06:15:00,46.293,0.936,269.932,4168.928
2024-02-24,06:20:00,47.62,0.976,374.458,2270.565
2024-02-24,06:25:00,46.246,0.998,340.123,3877.472
2024-02-24,06:30:00,49.082,0.989,377.673,3962.495
2024-02-24,06:35:00,50.081,0.99,378.414,3612.446
2024-02-24,06:40:00,52.632,0.954,333.85,2815.206
2024-02-24,06:45:00,46.552,1.003,418.407,2595.5
2024-02-24,06:50:00,42.945,0.902,306.741,1039.114
2024-02-24,06:55:00,47.928,0.965,340.366,2300.364
2024-02-24,07:00:00,55.927,0.705,312.308,2159.131
2024-02-24,07:05:00,44.903,1.005,245.079,1788.892
2024-02-24,07:10:00,44.502,1.003,305.008,2109.731
2024-02-24,07:15:00,47.277,0.863,306.051,3341.489
2024-02-24,07:20:00,38.003,0.877,124.952,1537.772
2024-02-24,07:25:00,45.463,0.961,240.476,2277.846
2024-02-24,07:30:00,52.294,0.884,416.742,3056.527
2024-02-24,07:35:00,40.272,0.97,258.862,2053.104
2024-02-24,07:40:00,45.915,0.827,255.497,1698.873
2024-02-24,07:45:00,41.699,0.924,274.664,1901.902
2024-02-24,07:50:00,41.215,0.854,184.615,1837.965
2024-02-25,05:20:00,35.615,0.921,123.151,676.664
2024-02-25,05:25:00,31.882,1.005,208.699,3656.501
2024-02-25,05:30:00,52.379,0.997,279.594,2398.985
2024-02-25,05:35:00,64.658,0.965,574.145,3444.632
2024-02-25,05:40:00,65.55,1.002,602.679,1963.404
2024-02-25,05:45:00,61.408,1.006,647.85,1467.343
2024-02-25,05:50:00,55.763,1.003,487.291,1923.722
2024-02-25,05:55:00,57.421,1.006,502.25,2047.405
2024-02-25,06:00:00,59.196,1.001,604.381,2025.263
2024-02-25,06:05:00,55.9,1.004,477.327,1926.25
2024-02-25,06:10:00,67.593,0.895,763.464,6249.834
2024-02-25,06:15:00,50.214,1.003,185.633,4349.791
2024-02-25,06:20:00,49.669,0.958,307.173,3714.059
2024-02-25,06:25:00,43.717,0.999,188.394,1734.282
2024-02-25,06:30:00,56.727,0.996,327.018,3151.94
2024-02-25,06:35:00,44.68,1.002,195.578,1879.432
2024-02-25,06:40:00,59.889,0.901,396.505,8240.568
2024-02-25,06:45:00,40.366,1.005,199.439,2183.075
2024-02-25,06:50:00,57.97,0.963,504.55,4972.006
2024-02-25,06:55:00,54.681,0.968,379.176,5124.653
2024-02-25,07:00:00,45.623,1.001,259.045,3115.622
2024-02-25,07:05:00,33.579,0.997,184.202,2596.793
2024-02-25,07:10:00,60.832,0.924,555.386,8668.207
2024-02-25,07:15:00,46.513,0.965,297.672,2340.007
2024-02-25,07:20:00,65.126,0.939,814.028,5453.899
2024-02-25,07:25:00,70.286,1.002,1045.239,3970.493
2024-02-25,07:30:00,58.743,1.004,832.538,2044.856
2024-02-25,07:35:00,50.665,0.94,483.79,2114.364
2024-02-25,07:40:00,53.109,1.001,470.122,2466.314
2024-02-25,07:45:00,47.806,0.998,406.146,1403.741
2024-02-25,07:50:00,43.46,1.003,400.431,1249.24
2024-02-25,07:55:00,43.04,1.004,351.612,1070.866
2024-02-25,08:00:00,44.677,1.003,372.904,2161.233
2024-02-25,08:05:00,45.839,1.002,410.423,2437.503
2024-02-25,08:10:00,43.957,1.005,351.784,2221.757
2024-02-25,08:15:00,43.688,1.003,341.746,2092.515
2024-02-25,08:20:00,45.593,0.96,377.745,1488.844
2024-02-25,08:25:00,55.057,0.996,345.485,3899.551
2024-02-25,08:30:00,41.462,1.002,268.757,4342.288
2024-02-25,08:35:00,57.575,0.956,493.09,3632.027
2024-02-25,08:40:00,69.066,1.002,748.395,4026.83
2024-02-25,08:45:00,60.127,0.935,412.706,2666.091
2024-02-25,08:50:00,51.818,1.004,502.61,2976.69
2024-02-25,08:55:00,52.314,0.969,549.613,2705.076
2024-02-25,09:00:00,52.734,0.973,573.198,1569.408
2024-02-25,09:05:00,60.511,0.977,678.67,2396.042
2024-02-25,09:25:00,42.3,0.98,257.109,2319.676
2024-02-25,09:30:00,36.91,0.977,188.492,2893.112
2024-02-25,09:35:00,35.922,0.969,146.472,1603.609
2024-02-25,09:40:00,35.833,0.973,127.137,1553.97
2024-02-25,09:45:00,51.645,1.002,209.381,5467.745
2024-02-25,09:50:00,34.779,0.959,107.58,1965.404
2024-02-25,09:55:00,62.87,0.955,449.776,4382.09
2024-02-25,10:00:00,60.116,1.005,685.465,2705.922
2024-02-25,10:05:00,63.593,0.964,763.933,4232.692
2024-02-25,10:10:00,63.011,0.937,915.344,3565.839
2024-02-25,10:15:00,52.275,0.948,561.203,2576.096
2024-02-25,10:20:00,51.492,1.004,446.523,3790.491
2024-02-25,10:25:00,43.198,1.004,433.903,1029.512
2024-02-25,10:30:00,54.177,0.935,409.124,3687.697
2024-02-25,10:35:00,62.503,0.943,579.326,5504.755
2024-02-25,10:40:00,52.264,1.004,364.561,2515.267
2024-02-25,10:45:00,55.615,0.947,794.682,3643.833
2024-02-25,10:50:00,51.433,0.95,309.263,4014.789
2024-02-25,10:55:00,28.577,0.865,114.181,829.507
2024-02-26,01:20:00,95.615,0.913,1803.632,3669.411
2024-02-26,01:25:00,82.063,0.967,1404.956,1699.201
2024-02-26,01:30:00,68.439,1.005,927.802,799.484
2024-02-26,01:35:00,66.037,1.003,954.386,895.293
2024-02-26,01:40:00,70.43,0.958,977.965,1305.922
2024-02-26,01:45:00,52.651,0.998,546.12,658.898
2024-02-26,02:05:00,52.849,0.991,442.708,3344.571
2024-02-26,02:10:00,51.646,0.95,443.241,2508.662
2024-02-26,02:15:00,63.238,0.945,634.671,4119.824
2024-02-26,02:20:00,65.118,1.005,1024.286,4685.217
2024-02-26,02:25:00,58.874,1.003,711.636,3964.742
2024-02-26,02:30:00,54.235,1.005,684.298,1970.365
2024-02-26,02:35:00,42.719,1.002,479.959,990.458
2024-02-26,02:40:00,42.698,1.004,499.911,335.761
2024-02-26,02:45:00,43.431,1.005,557.744,461.433
2024-02-26,02:50:00,43.876,1.001,609.564,644.588
2024-02-26,02:55:00,43.072,1.004,535.57,691.655
2024-02-26,03:00:00,42.245,0.926,310.846,1725.143
2024-02-26,03:05:00,50.412,1.004,576.091,1117.98
2024-02-26,03:10:00,51.231,0.984,612.863,1531.024
2024-02-26,03:15:00,51.023,1.002,634.09,915.829
2024-02-26,03:20:00,51.226,0.969,510.288,1122.645
2024-02-26,03:25:00,49.267,1.005,661.879,628.431
2024-02-26,03:30:00,45.424,1.004,414.761,825.69
2024-02-26,03:35:00,44.769,1.003,493.252,461.947
2024-02-26,03:40:00,66.383,0.775,764.961,3003.533
2024-02-26,03:45:00,34.392,0.974,126.578,937.91
2024-02-26,03:50:00,39.0,0.956,256.829,1352.266
2024-02-26,03:55:00,29.777,0.917,228.045,1076.655
2024-02-26,04:00:00,62.746,0.972,1011.817,4457.678
2024-02-26,04:05:00,60.785,0.962,757.166,4850.662
2024-02-26,04:10:00,56.245,1.003,740.303,2426.259
2024-02-26,04:15:00,44.715,0.896,476.497,1294.173
2024-02-26,04:20:00,43.182,0.976,279.561,1645.089
2024-02-26,04:25:00,34.592,1.002,210.523,1644.095
2024-02-26,04:30:00,49.617,0.981,397.524,2889.713
2024-02-26,04:35:00,29.455,0.957,96.101,1091.798
2024-02-26,04:40:00,36.411,0.999,329.988,1960.753
2024-02-26,04:45:00,46.919,1.004,365.441,1425.863
2024-02-26,04:50:00,38.864,1.004,434.165,974.324
2024-02-26,04:55:00,38.414,1.0,287.281,1049.735
2024-02-26,05:00:00,38.602,1.005,451.149,2465.443
2024-02-26,05:05:00,35.138,1.004,246.895,1886.652
2024-02-26,05:10:00,48.879,0.925,368.032,2194.025
2024-02-26,05:15:00,43.325,1.003,519.082,441.686
2024-02-26,05:20:00,38.372,1.001,382.686,403.502
2024-02-26,05:25:00,39.426,1.004,399.835,972.473
2024-02-26,05:30:00,40.664,0.988,331.788,1495.22
2024-02-26,05:35:00,41.9,0.954,338.198,1139.31
2024-02-26,05:40:00,48.148,0.908,453.885,1489.607
2024-02-26,05:45:00,56.119,1.003,629.712,2792.474
2024-02-26,05:50:00,46.22,0.901,373.701,1814.726
2024-02-26,05:55:00,47.978,0.814,188.15,1791.125
2024-02-26,06:00:00,47.904,1.004,448.618,890.526
2024-02-26,06:05:00,69.053,0.886,1107.371,6384.617
2024-02-26,06:10:00,63.569,0.924,665.452,1921.216
2024-02-26,06:15:00,36.628,0.931,232.385,1788.636
2024-02-26,06:20:00,48.425,0.972,342.78,2978.71
2024-02-26,06:25:00,45.53,0.884,385.035,1264.308
2024-02-26,06:30:00,43.986,0.983,304.927,1716.625
2024-02-26,06:40:00,63.892,0.988,725.4,2051.923
2024-02-26,06:55:00,70.148,0.939,1004.604,924.819
2024-02-26,07:00:00,71.604,0.827,1070.717,2051.928
2024-02-26,07:05:00,71.173,0.838,732.406,1700.171
2024-02-26,07:10:00,83.857,0.99,1110.362,1415.914
2024-02-26,07:15:00,77.162,0.778,1140.232,2469.65
2024-02-26,23:35:00,63.191,0.925,566.998,1273.002
2024-02-26,23:40:00,49.51,1.0,451.221,847.484
2024-02-26,23:45:00,45.381,1.006,448.31,532.898
2024-02-26,23:50:00,45.832,0.997,403.266,649.309
2024-02-26,23:55:00,39.965,1.001,343.639,553.146
2024-02-27,00:00:00,39.672,1.002,313.82,320.903
2024-02-27,00:05:00,39.541,1.002,277.708,757.243
2024-02-27,00:10:00,40.994,1.001,337.69,441.123
2024-02-27,00:15:00,43.763,1.004,410.632,1192.179
2024-02-27,00:20:00,44.795,0.796,276.422,550.136
2024-02-27,00:25:00,72.642,0.961,810.14,1904.965
2024-02-27,00:30:00,50.488,1.003,342.875,1329.174
2024-02-27,00:35:00,52.621,0.971,533.848,3306.194
2024-02-27,00:40:00,51.176,0.984,413.362,1946.681
2024-02-27,00:45:00,60.418,1.002,651.12,1714.315
2024-02-27,00:50:00,53.457,1.003,589.033,1577.892
2024-02-27,00:55:00,52.618,0.966,445.539,1257.624
2024-02-27,01:00:00,54.472,1.004,438.27,768.498
2024-02-27,01:05:00,58.42,1.004,627.0,1030.37
2024-02-27,01:10:00,54.922,1.004,560.437,1071.608
2024-02-27,01:15:00,54.552,1.003,466.61,665.0
2024-02-27,01:20:00,62.857,1.004,622.098,1082.739
2024-02-27,01:25:00,64.121,1.003,750.408,643.421
2024-02-27,01:30:00,61.48,0.853,467.781,1653.027
2024-02-27,01:35:00,47.816,0.936,521.081,1557.136
2024-02-27,01:40:00,48.916,0.98,512.581,727.682
2024-02-27,01:45:00,54.595,0.915,448.535,2323.677
2024-02-27,01:50:00,43.562,1.004,329.684,1146.611
2024-02-27,01:55:00,36.019,0.979,188.792,2398.723
2024-02-27,02:00:00,21.938,1.002,50.658,1292.288
2024-02-27,02:05:00,48.274,0.961,419.563,2872.517
2024-02-27,02:10:00,47.639,1.003,314.72,1585.953
2024-02-27,02:15:00,56.671,0.962,547.338,2940.28
2024-02-27,02:20:00,61.683,0.971,885.332,2174.347
2024-02-27,02:25:00,45.273,1.003,397.372,845.41
2024-02-27,02:30:00,51.101,0.916,384.309,1399.889
2024-02-27,02:35:00,65.616,1.003,886.8,2152.671
2024-02-27,02:40:00,66.32,1.001,1052.326,843.922
2024-02-27,02:45:00,65.838,0.96,856.81,3079.565
2024-02-27,02:50:00,57.718,1.002,700.688,736.409
2024-02-27,02:55:00,54.513,1.004,641.496,1263.895
2024-02-27,03:00:00,61.037,1.005,757.07,3071.82
2024-02-27,03:05:00,64.645,0.963,835.305,1805.301
2024-02-27,03:10:00,66.946,0.98,754.038,1850.647
2024-02-27,03:15:00,69.233,0.94,893.281,1182.829
2024-02-27,03:20:00,83.786,1.001,1419.835,1823.443
2024-02-27,03:25:00,56.875,1.005,562.986,1033.997
2024-02-27,03:30:00,60.402,1.003,655.507,824.842
2024-02-27,03:35:00,60.52,0.955,924.443,2575.085
2024-02-27,03:40:00,51.982,0.962,305.72,4459.47
2024-02-27,03:45:00,39.651,0.987,161.735,1185.534
2024-02-27,03:50:00,61.684,0.938,356.512,3138.342
2024-02-27,03:55:00,66.426,1.006,597.796,3051.503
2024-02-27,04:00:00,51.882,0.923,561.103,2059.291
2024-02-27,04:05:00,54.747,0.991,455.524,2795.873
2024-02-27,04:10:00,36.59,0.963,221.716,2040.446
2024-02-27,04:15:00,28.703,0.936,173.587,916.897
2024-02-27,04:20:00,46.492,0.956,304.195,1172.996
2024-02-27,04:25:00,62.213,1.005,902.47,1121.921
2024-02-27,04:30:00,62.031,0.99,959.145,544.162
2024-02-27,04:35:00,61.896,1.005,966.396,2330.659
2024-02-27,04:40:00,62.961,1.001,784.66,1661.491
2024-02-27,04:45:00,63.07,1.005,1126.641,776.33
2024-02-27,04:50:00,60.873,1.003,1022.417,1150.21
2024-02-27,04:55:00,77.166,0.933,961.376,5101.13
2024-02-27,05:00:00,71.722,1.006,998.202,1711.976
2024-02-27,05:05:00,88.175,0.964,1477.755,2573.437
2024-02-27,05:10:00,84.975,1.005,1072.206,1612.965
2024-02-27,05:15:00,76.213,0.965,881.091,1548.246
2024-02-27,05:20:00,93.552,0.983,1507.776,3291.173
2024-02-27,05:25:00,80.207,1.006,1049.575,3189.887
2024-02-27,05:30:00,89.401,0.965,1159.363,3762.33
2024-02-27,05:35:00,68.888,0.955,771.016,5527.601
2024-02-27,05:40:00,60.485,1.005,543.683,1683.021
2024-02-27,05:45:00,72.607,0.946,730.212,3362.527
2024-02-27,05:50:00,69.256,0.99,594.242,2824.107
2024-02-27,05:55:00,59.615,0.969,677.199,3210.348
2024-02-27,06:00:00,50.731,0.982,588.198,2101.348
2024-02-27,06:05:00,62.089,1.003,669.333,2715.371
2024-02-27,06:10:00,59.392,1.006,686.963,2501.766
2024-02-27,06:15:00,76.213,0.951,1395.275,4425.235
2024-02-27,06:20:00,60.121,0.977,543.355,2663.047
2024-02-27,06:25:00,84.091,0.95,1109.094,3663.422
2024-02-27,06:30:00,71.629,1.004,858.993,1633.042
2024-02-27,06:35:00,67.56,1.003,809.704,1438.468
2024-02-27,06:40:00,75.128,0.936,985.255,3496.442
2024-02-27,06:45:00,96.044,0.953,1563.107,3007.951
2024-02-27,06:50:00,93.797,0.939,1243.716,5188.223
2024-02-27,06:55:00,55.363,0.867,346.618,3800.268
2024-02-27,07:00:00,77.212,0.971,882.609,3648.405
2024-02-28,00:20:00,94.872,0.955,1171.823,2089.118
2024-02-28,00:25:00,93.764,0.923,1637.994,1804.3
2024-02-28,00:30:00,95.371,1.003,1234.516,1750.887
2024-02-28,00:35:00,89.931,1.0,1313.202,912.411
2024-02-28,00:40:00,91.885,1.003,1476.548,601.014
2024-02-28,00:45:00,94.472,0.918,1587.022,789.24
2024-02-28,00:50:00,82.521,1.001,999.871,1100.522
2024-02-28,00:55:00,65.112,0.997,699.259,1520.178
2024-02-28,01:00:00,79.214,1.003,978.855,979.108
2024-02-28,01:05:00,67.011,1.007,1004.62,2125.67
2024-02-28,01:10:00,92.627,0.909,1429.18,4318.868
2024-02-28,01:15:00,87.375,1.007,1269.113,1699.018
2024-02-28,01:20:00,86.671,0.995,1465.981,5168.469
2024-02-28,01:25:00,92.826,1.006,1226.295,2134.894
2024-02-28,01:30:00,82.974,0.944,1293.648,2138.76
2024-02-28,01:35:00,94.091,0.817,869.728,3741.982
2024-02-28,01:40:00,91.348,0.959,1051.674,1116.08
2024-02-28,01:45:00,87.312,0.896,1026.148,1918.465
2024-02-28,01:50:00,84.637,0.96,1167.243,4034.821
2024-02-28,01:55:00,95.44,0.98,1160.031,4574.677
2024-02-28,02:00:00,77.136,1.005,929.224,979.443
2024-02-28,02:05:00,75.456,1.003,866.459,1047.876
2024-02-28,02:10:00,69.13,0.703,486.788,2300.969
2024-02-28,02:15:00,87.523,0.998,1389.545,1735.815
2024-02-28,02:20:00,87.258,0.949,1160.499,5028.433
2024-02-28,02:25:00,83.636,0.985,1162.807,2314.424
2024-02-28,02:30:00,92.578,0.874,1143.299,2074.259
2024-02-28,02:35:00,65.078,0.996,482.945,4613.922
2024-02-28,02:40:00,75.944,1.004,798.588,2036.923
2024-02-28,02:45:00,72.904,1.003,708.605,2291.995
2024-02-28,02:50:00,72.644,1.003,665.236,1422.02
2024-02-28,02:55:00,54.97,0.9,211.696,1747.427
2024-02-28,03:00:00,71.639,0.9,815.098,1390.227
2024-02-28,03:05:00,78.39,1.004,1114.871,2010.949
2024-02-28,03:10:00,82.421,0.996,1005.475,1676.325
2024-02-28,03:15:00,74.592,0.957,952.785,1635.234
2024-02-28,03:20:00,73.876,1.002,969.879,1100.149
2024-02-28,03:25:00,70.536,0.999,907.403,2958.161
2024-02-28,03:30:00,69.287,0.942,691.581,1272.595
2024-02-28,03:35:00,67.09,1.004,788.492,1507.532
2024-02-28,03:40:00,79.631,0.781,844.527,7184.856
2024-02-28,03:45:00,107.173,0.996,1322.521,4621.583
2024-02-28,03:50:00,103.426,1.006,1455.096,2807.061
2024-02-28,03:55:00,103.09,0.989,1394.907,1629.116
2024-02-28,04:00:00,103.529,1.004,1604.11,1372.69
2024-02-28,04:05:00,112.56,0.924,1820.865,1966.371
2024-02-28,04:10:00,98.51,1.008,1200.343,3369.067
2024-02-28,04:15:00,98.782,1.002,1306.883,3011.615
2024-02-28,04:20:00,84.169,0.957,887.537,10363.664
2024-02-28,04:25:00,44.908,1.004,96.534,1646.238
2024-02-28,04:30:00,53.484,0.993,268.325,1880.824
2024-02-28,04:35:00,94.225,0.896,1350.552,9239.146
2024-02-28,04:40:00,78.29,0.925,922.195,2896.006
2024-02-28,04:45:00,78.057,0.9,780.924,1418.689
2024-02-28,04:50:00,73.842,0.91,597.292,6090.2
2024-02-28,04:55:00,98.464,0.992,1320.664,2810.421
2024-02-28,05:00:00,100.117,0.912,1264.561,5130.032
2024-02-28,05:05:00,115.964,0.963,1976.029,1581.518
2024-02-28,05:10:00,85.182,0.894,1376.431,4123.871
2024-02-28,05:15:00,75.31,0.989,1061.314,1224.02
2024-02-28,05:20:00,77.429,1.005,923.575,2425.283
2024-02-28,05:25:00,70.857,1.004,897.046,1629.46
2024-02-28,05:30:00,73.591,0.997,906.879,1684.868
2024-02-28,05:35:00,78.023,0.961,1112.373,3414.343
2024-02-28,05:40:00,70.956,0.981,935.269,1726.681
2024-02-28,05:45:00,81.727,0.917,972.465,1773.227
2024-02-28,05:50:00,123.456,0.874,2037.688,5855.506
2024-02-28,05:55:00,114.668,0.986,1928.65,2780.571
2024-02-28,06:00:00,112.488,0.996,1937.37,2937.46
2024-02-28,06:05:00,80.076,0.969,1158.301,3065.427
2024-02-28,06:10:00,110.252,0.86,1505.404,1808.987
2024-02-28,06:15:00,90.024,1.003,1006.011,2373.916
2024-02-28,06:30:00,71.636,0.917,617.299,1483.671
2024-02-28,06:35:00,64.692,0.974,453.076,2763.132
2024-02-28,06:40:00,66.513,0.983,790.984,3113.083
2024-02-28,06:45:00,79.409,0.93,1168.459,4039.162
2024-02-28,06:50:00,87.893,0.992,1114.801,5316.338
2024-02-28,06:55:00,74.387,0.98,728.433,8242.743
2024-02-28,07:00:00,67.739,0.954,467.494,3019.498
2024-02-28,07:05:00,98.396,0.995,1670.83,4043.64
2024-02-29,03:00:00,87.632,0.957,1031.01,2012.499
2024-02-29,03:05:00,107.375,0.908,1645.904,3280.096
2024-02-29,03:10:00,93.213,0.985,1141.83,5647.513
2024-02-29,03:15:00,84.775,0.889,1066.105,673.125
2024-02-29,03:20:00,73.675,0.994,1057.897,487.507
2024-02-29,03:25:00,70.926,0.934,739.449,3089.325
2024-02-29,03:30:00,69.059,0.988,788.193,619.151
2024-02-29,03:35:00,71.56,0.997,646.94,1614.856
2024-02-29,03:40:00,57.914,0.939,400.961,2487.073
2024-02-29,03:45:00,66.524,0.994,651.793,2983.241
2024-02-29,03:50:00,66.837,0.974,723.475,2336.719
2024-02-29,03:55:00,51.502,0.964,516.726,1124.573
2024-02-29,04:00:00,79.755,0.988,1114.723,1733.744
2024-02-29,04:05:00,77.107,0.986,763.605,2202.333
2024-02-29,04:10:00,73.207,0.964,1274.296,2051.871
2024-02-29,04:15:00,73.464,0.994,1109.375,1198.67
2024-02-29,04:20:00,77.94,0.958,1093.336,1803.172
2024-02-29,04:25:00,92.022,0.933,1336.37,3255.908
2024-02-29,04:30:00,74.868,1.004,1193.045,804.754
2024-02-29,04:35:00,72.483,0.966,1088.89,632.948
2024-02-29,04:40:00,65.909,0.994,738.304,821.63
2024-02-29,04:45:00,61.388,1.004,741.811,610.96
2024-02-29,04:50:00,61.75,1.004,775.028,898.284
2024-02-29,04:55:00,68.089,1.006,820.057,790.742
2024-02-29,05:00:00,67.002,0.948,839.482,504.227
2024-02-29,05:05:00,85.002,0.978,1131.187,5257.495
2024-02-29,05:10:00,69.336,1.005,750.605,2826.772
2024-02-29,05:15:00,68.945,1.005,756.256,4201.681
2024-02-29,05:20:00,91.178,0.968,1462.076,2531.839
2024-02-29,05:25:00,73.746,0.963,972.032,1415.383
2024-02-29,05:30:00,63.909,1.002,934.521,506.053
2024-02-29,05:35:00,69.568,0.925,742.499,1559.562
2024-02-29,05:40:00,72.449,1.001,1054.074,573.659
2024-02-29,05:45:00,68.658,1.005,1005.064,929.812
2024-02-29,05:50:00,72.026,1.003,1132.071,803.633
2024-02-29,05:55:00,77.422,1.006,1375.337,1103.975
2024-02-29,06:00:00,80.178,0.964,1378.796,1682.606
2024-02-29,06:05:00,102.126,0.971,1459.815,3564.47
2024-02-29,06:10:00,57.145,0.962,454.325,989.252
2024-02-29,06:15:00,97.457,0.975,1062.1,3177.396
2024-02-29,06:20:00,99.314,0.97,1573.523,3275.047
2024-02-29,06:25:00,80.877,1.004,1058.832,4669.8
2024-02-29,06:30:00,87.652,0.991,568.014,4738.59
2024-02-29,06:35:00,77.743,0.996,1053.835,3330.024
2024-02-29,06:50:00,87.137,0.957,1168.002,1960.384
2024-02-29,06:55:00,88.523,0.943,1213.261,2410.537
2024-02-29,07:00:00,94.618,0.998,1432.916,1579.551
2024-02-29,07:05:00,97.42,0.927,1149.474,3491.232
2024-02-29,07:10:00,104.673,0.966,2138.137,1379.464
2024-02-29,07:15:00,85.809,0.932,1145.608,1696.547
2024-02-29,07:20:00,82.754,1.006,1148.908,1716.38
2024-02-29,07:25:00,78.319,1.003,1071.223,884.295
2024-02-29,07:30:00,70.177,0.928,841.285,836.532
2024-02-29,07:35:00,86.597,0.92,1175.486,3243.112
2024-02-29,07:40:00,87.282,0.923,909.866,2906.588
2024-02-29,07:45:00,77.076,0.954,868.909,2549.461
2024-02-29,23:30:00,86.451,0.709,932.179,2646.72
2024-02-29,23:35:00,120.83,0.981,2665.519,1689.217
2024-02-29,23:40:00,109.491,0.92,2593.574,2934.981
2024-02-29,23:45:00,85.818,0.914,1494.252,1269.337
2024-02-29,23:50:00,72.483,0.954,1145.932,969.127
2024-02-29,23:55:00,68.255,0.905,738.702,1671.764
